IP Address,Login Source,Login Date & Time
143.176.254.9,Web,"Apr 9, 2019, 7:36:58 PM"
143.176.254.9,Web,"Apr 24, 2019, 3:43:26 PM"
143.176.254.9,Web,"Jun 3, 2019, 6:30:17 PM"
143.176.254.9,Web,"Apr 19, 2019, 5:10:19 AM"
143.176.254.9,Web,"Apr 19, 2019, 7:53:06 PM"
141.136.121.18,Web,"Oct 8, 2015, 2:10:28 PM"
143.176.254.9,Web,"Dec 1, 2017, 8:48:51 PM"
145.131.208.225,Web,"Jun 11, 2019, 6:27:06 AM"
145.131.208.225,Web,"May 1, 2019, 6:18:37 AM"
143.176.254.9,Web,"Jun 7, 2019, 6:20:38 PM"
143.176.254.9,Web,"Apr 11, 2019, 7:52:21 PM"
84.241.200.99,Web,"May 30, 2019, 4:18:08 AM"
143.176.254.9,Web,"Mar 31, 2019, 11:13:49 AM"
143.176.254.9,Web,"Apr 4, 2019, 7:10:47 PM"
143.176.254.9,Web,"Jun 4, 2019, 6:41:51 PM"
80.113.36.20,Web,"Apr 26, 2019, 8:06:45 PM"
143.176.254.9,Web,"Jun 12, 2019, 5:31:25 AM"
143.176.254.9,Web,"May 5, 2019, 4:12:55 PM"
80.113.36.20,Web,"May 17, 2019, 9:07:25 PM"
143.176.254.9,Web,"Apr 28, 2019, 5:55:17 PM"
143.176.254.9,Web,"Apr 20, 2019, 11:12:33 AM"
143.176.254.9,Web,"Mar 28, 2019, 6:13:13 AM"
82.2.71.229,Web,"May 25, 2019, 2:28:27 PM"
143.176.254.9,Web,"Jun 2, 2019, 6:36:40 PM"
143.176.254.9,Web,"Apr 22, 2019, 5:28:26 AM"
143.176.254.9,Web,"Apr 7, 2019, 4:25:27 PM"
143.176.254.9,Web,"Apr 6, 2019, 10:26:09 AM"
143.176.254.9,Web,"May 13, 2019, 4:06:11 PM"
143.176.254.9,Web,"Apr 29, 2019, 7:37:08 PM"
143.176.254.9,Web,"Jun 6, 2019, 8:32:54 PM"
143.176.254.9,Web,"Mar 19, 2019, 8:30:25 PM"
46.129.123.136,Web,"Apr 5, 2015, 10:00:35 AM"
143.176.254.9,Web,"Jun 14, 2019, 4:31:03 PM"
80.113.36.20,Web,"Jun 15, 2019, 5:16:14 AM"
143.176.254.9,Web,"Jun 17, 2019, 4:31:06 PM"
143.176.254.9,Web,"Jun 19, 2019, 5:04:12 AM"
145.131.208.225,Web,"Jun 19, 2019, 11:30:48 AM"
143.176.254.9,Web,"Jun 19, 2019, 8:04:38 PM"
143.176.254.9,Web,"Jun 20, 2019, 6:19:26 PM"
143.176.254.9,Web,"Jun 21, 2019, 5:38:52 PM"
143.176.254.9,Web,"Jun 23, 2019, 7:06:17 AM"
143.176.254.9,Web,"Jun 25, 2019, 6:48:26 PM"
80.113.36.20,Web,"Jun 29, 2019, 8:22:19 AM"
143.176.254.9,Web,"Jul 1, 2019, 5:03:21 AM"
143.176.254.9,Web,"Jul 3, 2019, 8:48:26 PM"
143.176.254.9,Web,"Jul 4, 2019, 7:20:36 PM"
80.113.36.20,Web,"Jul 5, 2019, 8:53:23 PM"
80.113.36.20,Web,"Jul 6, 2019, 10:20:15 AM"
143.176.254.9,Web,"Jul 9, 2019, 7:01:15 PM"
80.113.36.20,Web,"Jul 13, 2019, 9:35:50 AM"
80.113.36.20,Web,"Jul 20, 2019, 9:46:30 AM"
80.113.36.20,Web,"Jul 20, 2019, 4:21:37 PM"
80.113.36.20,Web,"Jul 21, 2019, 9:11:19 AM"
80.113.36.20,Web,"Jul 26, 2019, 6:38:09 PM"
80.113.36.20,Web,"Jul 27, 2019, 9:54:53 AM"
80.113.36.20,Web,"Jul 27, 2019, 4:36:38 PM"
80.113.36.20,Web,"Jul 28, 2019, 10:23:57 AM"
80.113.36.20,Web,"Aug 3, 2019, 5:29:36 AM"
80.113.36.20,Web,"Aug 3, 2019, 10:07:34 AM"
143.176.254.9,Web,"Aug 5, 2019, 4:53:10 PM"
143.176.254.9,Web,"Aug 6, 2019, 7:29:10 PM"
143.176.254.9,Web,"Aug 7, 2019, 4:45:44 PM"
80.113.36.20,Web,"Aug 9, 2019, 10:57:44 AM"
80.113.36.20,Web,"Aug 10, 2019, 5:42:29 AM"
80.113.36.20,Web,"Aug 10, 2019, 3:27:54 PM"
80.113.36.20,Web,"Aug 11, 2019, 9:48:24 AM"
143.176.254.9,Web,"Aug 13, 2019, 8:10:31 PM"
80.113.36.20,Web,"Aug 17, 2019, 10:15:17 AM"
80.113.36.20,Web,"Aug 18, 2019, 9:26:13 AM"
143.176.254.9,Web,"Aug 19, 2019, 4:40:53 PM"
143.176.254.9,Web,"Aug 22, 2019, 9:24:22 PM"
145.131.208.225,Web,"Aug 23, 2019, 10:36:44 AM"
80.113.36.20,Web,"Aug 23, 2019, 8:57:18 PM"
80.113.36.20,Web,"Aug 24, 2019, 10:32:06 AM"
80.113.36.20,Web,"Aug 24, 2019, 3:11:43 PM"
143.176.254.9,Web,"Aug 27, 2019, 7:19:12 PM"
80.113.36.20,Web,"Aug 31, 2019, 9:36:46 AM"
80.113.36.20,Web,"Sep 1, 2019, 9:19:12 AM"
80.113.36.20,Web,"Sep 8, 2019, 5:54:50 AM"
80.113.36.20,Web,"Sep 8, 2019, 3:24:41 PM"
80.113.36.20,Web,"Sep 11, 2019, 6:06:04 AM"
80.113.36.20,Web,"Sep 12, 2019, 8:49:21 AM"
80.113.36.20,Web,"Sep 12, 2019, 4:09:26 PM"
80.113.36.20,Web,"Sep 14, 2019, 5:54:54 AM"
80.113.36.20,Web,"Sep 15, 2019, 6:07:58 AM"
80.113.36.20,Web,"Sep 15, 2019, 4:03:19 PM"
143.176.254.9,Web,"Sep 17, 2019, 6:38:58 PM"
84.241.206.120,Mobile,"Sep 19, 2019, 11:01:39 AM"
80.113.36.20,Web,"Sep 20, 2019, 8:03:39 PM"
80.113.36.20,Web,"Sep 21, 2019, 5:55:18 AM"
80.113.36.20,Web,"Sep 21, 2019, 11:43:02 AM"
80.113.36.20,Web,"Sep 22, 2019, 5:59:51 AM"
80.113.36.20,Web,"Sep 22, 2019, 8:50:41 AM"
145.131.208.225,Web,"Sep 27, 2019, 6:37:10 AM"
80.113.36.20,Web,"Sep 27, 2019, 8:43:09 PM"
80.113.36.20,Web,"Sep 28, 2019, 10:52:47 AM"
143.176.254.9,Web,"Oct 2, 2019, 7:21:32 PM"
80.113.36.20,Web,"Oct 4, 2019, 8:35:46 PM"
80.113.36.20,Web,"Oct 6, 2019, 12:16:58 PM"
143.176.254.9,Mobile,"Oct 14, 2019, 4:49:26 PM"
143.176.254.9,Web,"Oct 27, 2019, 4:57:06 PM"
145.131.208.225,Web,"Nov 7, 2019, 7:18:55 AM"
80.113.36.20,Web,"Nov 8, 2019, 5:09:17 PM"
143.176.254.9,Web,"Nov 13, 2019, 7:23:26 AM"
143.176.254.9,Web,"Dec 15, 2019, 11:59:21 AM"
143.176.254.9,Web,"Dec 17, 2019, 7:56:02 PM"
80.113.36.20,Web,"Dec 22, 2019, 7:28:10 PM"
143.176.254.9,Web,"Jan 14, 2020, 9:44:16 PM"
145.131.208.225,Web,"Jan 21, 2020, 7:22:15 AM"
143.176.254.9,Web,"Jan 22, 2020, 7:59:05 PM"
80.113.36.20,Web,"Jan 24, 2020, 5:03:57 PM"
143.176.254.9,Web,"Jan 29, 2020, 5:30:37 PM"
143.176.254.9,Web,"Feb 8, 2020, 10:23:50 AM"
143.176.254.9,Web,"Feb 27, 2020, 5:42:47 PM"
80.113.36.20,Web,"Mar 21, 2020, 6:00:58 PM"
143.176.254.9,Web,"Mar 31, 2020, 6:47:53 PM"
80.113.36.20,Web,"Apr 4, 2020, 10:08:35 AM"
145.131.208.225,Web,"Apr 7, 2020, 8:53:51 AM"
143.176.254.9,Web,"Apr 10, 2020, 5:34:05 AM"
80.113.36.20,Web,"Apr 13, 2020, 1:51:05 PM"
80.113.36.20,Web,"Apr 17, 2020, 8:20:34 PM"
80.113.36.20,Web,"Apr 18, 2020, 10:28:16 AM"
80.113.36.20,Web,"Apr 19, 2020, 10:54:57 AM"
80.113.36.20,Web,"Apr 25, 2020, 10:44:15 AM"
80.113.36.20,Web,"Apr 27, 2020, 5:37:48 AM"
80.113.36.20,Web,"Apr 27, 2020, 10:35:58 AM"
80.113.36.20,Web,"May 3, 2020, 10:38:51 AM"
80.113.36.20,Web,"May 4, 2020, 6:12:32 PM"
145.131.208.225,Web,"May 7, 2020, 11:39:13 AM"
80.113.36.20,Web,"May 10, 2020, 6:20:54 AM"
143.176.254.9,Web,"May 12, 2020, 7:36:23 PM"
145.131.208.225,Web,"Jun 2, 2020, 9:17:44 AM"
80.113.36.20,Web,"Jun 6, 2020, 10:10:41 AM"
143.176.254.9,Web,"Jun 9, 2020, 7:08:10 PM"
145.131.208.225,Web,"Jun 10, 2020, 11:22:05 AM"
145.131.208.225,Web,"Jun 11, 2020, 11:27:14 AM"
143.176.254.9,Web,"Jun 11, 2020, 7:18:08 PM"
143.176.254.9,Web,"Jun 13, 2020, 9:30:28 AM"
143.176.254.9,Web,"Jun 13, 2020, 3:53:49 PM"
80.113.36.20,Web,"Jun 15, 2020, 8:06:42 PM"
80.113.36.20,Web,"Jun 28, 2020, 10:50:09 AM"
143.176.254.9,Web,"Jul 13, 2020, 8:20:34 PM"
145.131.208.225,Web,"Jul 15, 2020, 12:29:02 PM"
80.113.36.20,Web,"Jul 19, 2020, 10:04:29 AM"
145.131.208.225,Web,"Jul 20, 2020, 6:28:50 AM"
80.113.36.20,Web,"Jul 25, 2020, 10:56:34 AM"
145.131.208.225,Web,"Jul 27, 2020, 9:06:17 AM"
143.176.254.9,Web,"Jul 28, 2020, 7:43:11 PM"
80.113.36.20,Web,"Aug 2, 2020, 10:09:49 AM"
143.176.254.9,Web,"Aug 5, 2020, 7:48:45 PM"
143.176.254.9,Web,"Aug 11, 2020, 6:54:29 PM"
143.176.254.9,Web,"Aug 12, 2020, 7:36:09 PM"
80.113.36.20,Web,"Aug 15, 2020, 9:42:53 AM"
80.113.36.20,Web,"Aug 16, 2020, 10:26:41 AM"
145.131.208.225,Web,"Aug 17, 2020, 2:09:52 PM"
143.176.254.9,Web,"Aug 18, 2020, 7:37:21 PM"
80.113.36.20,Web,"Aug 29, 2020, 5:40:06 PM"
80.113.36.20,Web,"Aug 30, 2020, 10:42:56 AM"
145.131.208.225,Web,"Sep 7, 2020, 7:28:06 AM"
145.131.208.225,Web,"Sep 7, 2020, 10:07:11 AM"
143.176.254.9,Web,"Sep 7, 2020, 6:44:03 PM"
80.113.36.20,Web,"Sep 13, 2020, 10:37:15 AM"
80.113.36.20,Web,"Sep 13, 2020, 6:57:59 PM"
80.113.36.20,Web,"Sep 15, 2020, 5:22:44 PM"
80.113.36.20,Web,"Sep 19, 2020, 10:23:56 AM"
145.131.208.225,Web,"Sep 21, 2020, 10:19:43 AM"
143.176.254.9,Web,"Sep 22, 2020, 7:03:50 PM"
80.113.36.20,Web,"Sep 26, 2020, 10:44:35 AM"
143.176.254.9,Web,"Sep 29, 2020, 8:20:34 PM"
143.176.254.9,Web,"Oct 1, 2020, 4:51:42 AM"
143.176.254.9,Web,"Oct 6, 2020, 6:26:13 PM"
143.176.254.9,Web,"Oct 8, 2020, 5:06:16 AM"
80.113.36.20,Web,"Oct 10, 2020, 10:02:45 AM"
143.176.254.9,Web,"Oct 12, 2020, 4:34:54 PM"
145.131.208.225,Web,"Oct 13, 2020, 9:17:18 AM"
143.176.254.9,Web,"Oct 13, 2020, 6:52:49 PM"
80.113.36.20,Web,"Oct 18, 2020, 10:13:13 AM"
145.131.208.225,Web,"Oct 20, 2020, 12:44:09 PM"
143.176.254.9,Web,"Oct 20, 2020, 5:51:23 PM"
145.131.208.225,Web,"Oct 23, 2020, 10:34:23 AM"
80.113.36.20,Web,"Oct 24, 2020, 5:23:50 PM"
145.131.208.225,Web,"Nov 2, 2020, 7:38:12 AM"
143.176.254.9,Web,"Nov 2, 2020, 8:54:54 PM"
143.176.254.9,Web,"Nov 3, 2020, 6:52:26 PM"
143.176.254.9,Web,"Nov 4, 2020, 7:06:31 PM"
80.113.36.20,Web,"Nov 8, 2020, 2:29:52 PM"
143.176.254.9,Web,"Nov 18, 2020, 8:54:22 PM"
143.176.254.9,Web,"Nov 24, 2020, 6:32:26 PM"
145.131.208.225,Web,"Dec 11, 2020, 3:56:14 PM"
143.176.254.9,Web,"Dec 14, 2020, 6:34:19 PM"
143.176.254.9,Web,"Dec 15, 2020, 8:12:16 PM"
145.131.208.225,Web,"Dec 18, 2020, 7:38:17 AM"
145.131.208.225,Web,"Dec 28, 2020, 11:29:06 AM"
80.113.36.20,Web,"Dec 29, 2020, 6:08:00 PM"
145.131.208.225,Web,"Jan 7, 2021, 8:57:45 AM"
80.113.36.20,Web,"Jan 10, 2021, 2:19:34 PM"
145.131.208.225,Web,"Jan 13, 2021, 7:36:51 AM"
145.131.208.225,Web,"Jan 18, 2021, 7:36:56 AM"
145.131.208.225,Web,"Jan 19, 2021, 11:26:41 AM"
143.176.254.9,Web,"Jan 19, 2021, 7:59:45 PM"
143.176.254.9,Web,"Jan 26, 2021, 8:25:28 PM"
145.131.208.225,Web,"Jan 27, 2021, 2:09:07 PM"
143.176.254.9,Web,"Jan 27, 2021, 8:02:18 PM"
143.176.254.9,Web,"Feb 2, 2021, 8:09:58 PM"
143.176.254.9,Web,"Feb 3, 2021, 8:05:48 PM"
80.113.36.18,Web,"Feb 6, 2021, 5:46:36 PM"
143.176.254.9,Web,"Feb 9, 2021, 8:12:15 PM"
80.113.36.18,Web,"Feb 12, 2021, 8:58:12 PM"
89.205.131.127,Web,"Feb 13, 2021, 5:40:40 PM"
143.176.254.9,Web,"Feb 24, 2021, 9:04:02 PM"
143.176.254.9,Web,"Feb 25, 2021, 9:10:57 PM"
143.176.254.9,Web,"Feb 26, 2021, 5:34:45 AM"
80.113.36.18,Web,"Feb 27, 2021, 4:17:54 PM"
143.176.254.9,Web,"Mar 2, 2021, 8:11:02 PM"
143.176.254.9,Web,"Mar 3, 2021, 8:11:26 PM"
143.176.254.9,Web,"Mar 9, 2021, 8:06:32 PM"
80.113.36.18,Web,"Mar 13, 2021, 5:18:37 PM"
143.176.254.9,Web,"Mar 15, 2021, 7:40:12 PM"
143.176.254.9,Web,"Mar 16, 2021, 8:10:34 PM"
80.113.36.18,Web,"Mar 19, 2021, 9:17:23 PM"
80.113.36.18,Web,"Mar 22, 2021, 7:39:44 PM"
143.176.254.9,Web,"Mar 26, 2021, 5:53:17 AM"
80.113.36.18,Web,"Mar 27, 2021, 6:31:05 PM"
80.113.36.18,Web,"Apr 4, 2021, 10:52:39 AM"
143.176.254.9,Web,"Apr 7, 2021, 8:16:17 PM"
143.176.254.9,Web,"Apr 14, 2021, 7:17:47 PM"
80.113.36.18,Web,"Apr 17, 2021, 10:27:22 AM"
143.176.254.9,Web,"Apr 20, 2021, 4:54:16 AM"
84.241.202.177,Web,"Apr 27, 2021, 10:09:17 AM"
80.113.36.18,Web,"May 2, 2021, 12:39:32 PM"
143.176.254.9,Web,"May 5, 2021, 7:28:49 PM"
145.131.208.225,Web,"May 6, 2021, 2:56:33 PM"
145.131.208.225,Web,"May 11, 2021, 10:27:02 AM"
143.176.254.9,Web,"May 11, 2021, 7:18:15 PM"
143.176.254.9,Web,"May 13, 2021, 5:17:56 AM"
80.113.36.18,Web,"May 16, 2021, 4:31:09 PM"
143.176.254.9,Web,"May 17, 2021, 8:03:27 PM"
145.131.208.225,Web,"May 28, 2021, 1:18:33 PM"
80.113.36.18,Web,"May 29, 2021, 11:22:02 AM"
145.131.208.225,Web,"Jun 4, 2021, 2:38:46 PM"
80.113.36.18,Web,"Jun 5, 2021, 4:13:03 PM"
194.154.203.130,Web,"Jun 10, 2021, 7:53:24 PM"
80.113.36.18,Web,"Jun 11, 2021, 3:54:59 PM"
145.131.208.225,Web,"Jun 25, 2021, 11:32:13 AM"
145.131.208.225,Web,"Jun 30, 2021, 11:40:36 AM"
145.131.208.225,Web,"Jul 1, 2021, 7:03:15 AM"
80.113.36.18,Web,"Jul 5, 2021, 11:21:11 PM"
145.131.208.225,Web,"Jul 6, 2021, 3:16:13 PM"
80.113.36.18,Web,"Jul 7, 2021, 11:40:01 AM"
143.176.254.9,Web,"Jul 7, 2021, 7:25:12 PM"
143.176.254.9,Web,"Jul 10, 2021, 9:57:19 AM"
80.113.36.18,Web,"Jul 10, 2021, 8:56:42 PM"
80.113.36.18,Web,"Jul 13, 2021, 10:22:06 AM"
80.113.36.18,Web,"Jul 16, 2021, 7:57:07 PM"
80.113.36.18,Web,"Jul 17, 2021, 10:51:10 AM"
80.113.36.18,Web,"Jul 18, 2021, 10:12:35 AM"
84.241.205.90,Web,"Jul 20, 2021, 4:59:09 AM"
80.113.36.18,Web,"Jul 24, 2021, 9:42:39 AM"
143.176.254.9,Web,"Jul 27, 2021, 7:12:08 PM"
80.113.36.18,Web,"Jul 30, 2021, 8:25:33 PM"
80.113.36.18,Web,"Aug 1, 2021, 10:27:41 AM"
143.176.254.9,Web,"Aug 4, 2021, 4:31:42 PM"
80.113.36.18,Web,"Aug 7, 2021, 12:33:58 PM"
80.113.36.18,Web,"Aug 7, 2021, 3:29:34 PM"
143.176.254.9,Web,"Aug 10, 2021, 7:06:08 PM"
145.131.208.225,Web,"Aug 11, 2021, 1:12:20 PM"
143.176.254.9,Web,"Aug 13, 2021, 4:22:56 AM"
145.131.208.225,Web,"Aug 13, 2021, 8:53:06 AM"
145.131.208.225,Web,"Aug 13, 2021, 11:24:44 AM"
143.176.254.9,Web,"Aug 16, 2021, 5:42:29 AM"
145.131.208.225,Web,"Aug 16, 2021, 8:46:46 AM"
46.193.171.41,Web,"Aug 21, 2021, 11:28:22 AM"
143.176.254.9,Web,"Aug 24, 2021, 8:11:31 PM"
145.131.208.225,Web,"Aug 25, 2021, 6:40:18 AM"
143.176.254.9,Web,"Aug 25, 2021, 8:33:13 PM"
80.113.36.18,Web,"Aug 29, 2021, 4:32:12 PM"
143.176.254.9,Web,"Sep 7, 2021, 5:03:50 AM"
84.241.203.253,Web,"Sep 11, 2021, 4:28:38 PM"
80.113.36.18,Web,"Sep 12, 2021, 10:25:26 AM"
143.176.254.9,Web,"Sep 21, 2021, 6:49:55 PM"
143.176.254.9,Web,"Sep 22, 2021, 7:40:42 PM"
80.113.36.18,Web,"Sep 26, 2021, 11:02:10 AM"
80.113.36.18,Web,"Oct 3, 2021, 1:33:22 PM"
80.113.36.18,Web,"Oct 7, 2021, 8:06:40 AM"
80.113.36.18,Web,"Oct 8, 2021, 8:05:16 PM"
80.113.36.18,Web,"Oct 10, 2021, 7:17:37 PM"
80.113.36.18,Web,"Oct 11, 2021, 11:37:55 AM"
80.113.36.18,Web,"Oct 14, 2021, 10:46:31 AM"
80.113.36.18,Web,"Oct 17, 2021, 4:23:03 PM"
143.176.254.9,Web,"Oct 19, 2021, 9:08:59 PM"
143.176.254.9,Web,"Oct 20, 2021, 5:22:18 PM"
145.131.208.225,Web,"Oct 25, 2021, 6:14:26 AM"
143.176.254.9,Web,"Oct 25, 2021, 9:07:43 PM"
143.176.254.9,Web,"Nov 2, 2021, 9:33:04 PM"
80.113.36.18,Web,"Nov 6, 2021, 6:09:41 PM"
143.176.254.9,Web,"Nov 8, 2021, 9:27:49 PM"
143.176.254.9,Web,"Nov 9, 2021, 8:13:10 PM"
143.176.254.9,Web,"Nov 10, 2021, 8:03:57 PM"
80.113.36.18,Web,"Nov 12, 2021, 9:51:26 PM"
80.113.36.18,Web,"Nov 14, 2021, 11:22:44 AM"
80.113.36.18,Web,"Nov 27, 2021, 11:49:41 AM"
143.176.254.9,Web,"Dec 5, 2021, 1:38:57 PM"
143.176.254.9,Web,"Dec 5, 2021, 4:43:20 PM"
143.176.254.9,Web,"Dec 7, 2021, 9:27:55 PM"
80.113.36.18,Web,"Dec 11, 2021, 4:12:52 PM"
80.113.36.18,Web,"Dec 13, 2021, 8:38:45 PM"
80.113.36.18,Web,"Dec 19, 2021, 3:50:33 PM"
80.113.36.18,Web,"Dec 19, 2021, 4:00:44 PM"
145.131.208.225,Web,"Dec 21, 2021, 7:59:12 AM"
145.131.208.225,Web,"Dec 22, 2021, 8:47:55 PM"
145.131.208.225,Web,"Dec 23, 2021, 10:01:53 AM"
145.131.208.225,Web,"Dec 24, 2021, 10:28:32 AM"
143.176.254.9,Web,"Dec 25, 2021, 11:27:59 AM"
143.176.254.9,Web,"Dec 25, 2021, 8:20:46 PM"
80.113.36.18,Web,"Dec 27, 2021, 7:02:13 PM"
80.113.36.18,Web,"Dec 31, 2021, 6:32:55 AM"
143.176.254.9,Web,"Dec 31, 2021, 3:51:06 PM"
80.113.36.18,Web,"Jan 1, 2022, 4:29:17 PM"
80.113.36.18,Web,"Jan 2, 2022, 3:32:39 PM"
80.113.36.18,Web,"Jan 2, 2022, 3:54:38 PM"
145.131.208.225,Web,"Jan 3, 2022, 9:04:40 AM"
143.176.254.9,Web,"Jan 4, 2022, 6:02:17 AM"
143.176.254.9,Web,"Jan 5, 2022, 8:52:35 PM"
80.113.36.18,Web,"Jan 8, 2022, 10:56:30 AM"
80.113.36.18,Web,"Jan 8, 2022, 8:16:41 PM"
80.113.36.18,Web,"Jan 9, 2022, 11:29:57 AM"
143.176.254.9,Web,"Jan 10, 2022, 5:57:15 AM"
143.176.254.9,Web,"Jan 14, 2022, 7:10:24 PM"
80.113.36.18,Web,"Jan 15, 2022, 11:21:03 AM"
80.113.36.18,Web,"Jan 15, 2022, 11:58:57 AM"
80.113.36.18,Web,"Jan 15, 2022, 7:49:28 PM"
80.113.36.18,Web,"Jan 16, 2022, 10:54:51 AM"
80.113.36.18,Web,"Jan 17, 2022, 1:47:08 PM"
80.113.36.18,Web,"Jan 17, 2022, 8:28:50 PM"
80.113.36.18,Web,"Jan 17, 2022, 9:07:51 PM"
80.113.36.18,Web,"Jan 18, 2022, 7:52:03 PM"
143.176.254.9,Web,"Jan 21, 2022, 5:50:19 AM"
84.241.205.38,Web,"Jan 22, 2022, 11:14:57 AM"
80.113.36.18,Web,"Jan 22, 2022, 11:33:39 AM"
80.113.36.18,Web,"Jan 23, 2022, 11:18:43 AM"
80.113.36.18,Web,"Jan 23, 2022, 11:51:25 AM"
145.131.208.225,Web,"Jan 24, 2022, 1:07:21 PM"
145.131.208.225,Web,"Jan 24, 2022, 4:24:25 PM"
80.113.36.18,Web,"Jan 24, 2022, 9:05:14 PM"
80.113.36.18,Web,"Jan 25, 2022, 8:03:33 AM"
145.131.208.225,Web,"Jan 31, 2022, 7:21:50 PM"
80.113.36.18,Web,"Feb 1, 2022, 8:10:45 AM"
145.131.208.225,Web,"Feb 1, 2022, 3:58:53 PM"
145.131.208.225,Web,"Feb 1, 2022, 8:06:00 PM"
80.113.36.18,Web,"Feb 4, 2022, 6:10:38 PM"
143.176.254.9,Web,"Feb 5, 2022, 8:17:54 PM"
143.176.254.9,Web,"Feb 6, 2022, 6:06:19 AM"
143.176.254.9,Web,"Feb 6, 2022, 11:35:11 AM"
143.176.254.9,Web,"Feb 6, 2022, 4:04:26 PM"
143.176.254.9,Web,"Feb 8, 2022, 9:31:57 PM"
143.176.254.9,Web,"Feb 9, 2022, 8:00:21 PM"
80.113.36.18,Web,"Feb 12, 2022, 8:10:18 PM"
80.113.36.18,Web,"Feb 13, 2022, 10:32:36 AM"
80.113.36.18,Web,"Feb 14, 2022, 7:39:31 PM"
80.113.36.18,Web,"Feb 15, 2022, 7:35:17 PM"
80.113.36.18,Web,"Feb 19, 2022, 12:16:15 PM"
80.113.36.18,Web,"Feb 20, 2022, 5:33:22 PM"
143.176.254.9,Web,"Feb 22, 2022, 9:01:50 PM"
145.131.208.225,Web,"Feb 23, 2022, 4:35:06 PM"
80.113.36.18,Web,"Feb 28, 2022, 8:23:02 PM"
80.113.36.18,Web,"Mar 1, 2022, 9:56:36 AM"
84.241.204.1,Web,"Mar 5, 2022, 10:41:41 AM"
80.113.36.18,Web,"Mar 5, 2022, 11:25:10 AM"
80.113.36.18,Web,"Mar 14, 2022, 7:21:35 AM"
145.131.208.225,Web,"Mar 15, 2022, 9:11:03 AM"
145.131.208.225,Web,"Mar 16, 2022, 12:39:41 PM"
145.131.208.225,Web,"Mar 17, 2022, 4:17:30 PM"
143.176.254.9,Web,"Mar 19, 2022, 7:14:12 AM"
80.113.36.18,Web,"Mar 19, 2022, 9:22:22 PM"
80.113.36.18,Web,"Mar 20, 2022, 1:09:13 PM"
145.131.208.225,Web,"Mar 23, 2022, 11:13:59 AM"
51.219.35.5,Web,"Mar 25, 2022, 6:18:12 PM"
143.176.254.9,Web,"Mar 28, 2022, 6:55:50 AM"
145.131.208.225,Web,"Mar 28, 2022, 9:58:15 AM"
143.176.254.9,Web,"Mar 29, 2022, 7:15:45 PM"
145.131.208.225,Web,"Mar 31, 2022, 7:46:46 AM"
143.176.254.9,Web,"Mar 31, 2022, 8:14:22 PM"
80.113.36.18,Web,"Apr 3, 2022, 6:10:14 AM"
80.113.36.18,Web,"Apr 3, 2022, 10:45:52 AM"
80.113.36.18,Web,"Apr 9, 2022, 10:40:09 AM"
80.113.36.18,Web,"Apr 10, 2022, 11:25:13 AM"
80.113.36.18,Web,"Apr 11, 2022, 6:36:06 AM"
145.131.208.225,Web,"Apr 11, 2022, 12:46:53 PM"
80.113.36.18,Web,"Apr 11, 2022, 7:25:26 PM"
143.176.254.9,Web,"Apr 13, 2022, 4:56:47 AM"
143.176.254.9,Web,"Apr 13, 2022, 8:46:06 PM"
145.131.208.225,Web,"Apr 14, 2022, 7:54:48 AM"
143.176.254.9,Web,"Apr 15, 2022, 4:44:45 AM"
80.113.36.18,Web,"Apr 17, 2022, 11:36:05 AM"
80.113.36.18,Web,"Apr 18, 2022, 10:42:31 AM"
80.113.36.18,Web,"Apr 18, 2022, 4:18:19 PM"
80.113.36.18,Web,"Apr 18, 2022, 4:54:45 PM"
145.131.208.225,Web,"Apr 19, 2022, 12:01:20 PM"
80.113.36.18,Web,"Apr 20, 2022, 5:14:55 AM"
145.131.208.225,Web,"Apr 20, 2022, 7:49:23 AM"
143.176.254.9,Web,"Apr 20, 2022, 6:59:40 PM"
80.113.36.18,Web,"Apr 23, 2022, 7:32:27 PM"
80.113.36.18,Web,"Apr 24, 2022, 10:41:00 AM"
80.113.36.18,Web,"Apr 24, 2022, 4:36:55 PM"
80.113.36.18,Web,"Apr 25, 2022, 5:40:29 AM"
80.113.36.18,Web,"Apr 25, 2022, 5:43:35 AM"
80.113.36.18,Web,"Apr 25, 2022, 7:44:28 AM"
80.113.36.18,Web,"Apr 26, 2022, 7:43:43 PM"
145.131.208.225,Web,"Apr 28, 2022, 10:19:45 AM"
80.113.36.18,Web,"Apr 30, 2022, 10:27:43 AM"
145.131.208.225,Web,"May 2, 2022, 1:36:13 PM"
145.131.208.225,Web,"May 5, 2022, 9:19:33 AM"
145.131.208.225,Web,"May 6, 2022, 7:23:18 AM"
145.131.208.225,Web,"May 6, 2022, 12:22:57 PM"
143.176.254.9,Web,"May 6, 2022, 4:19:51 PM"
143.176.254.9,Web,"May 6, 2022, 6:02:25 PM"
80.113.36.18,Web,"May 8, 2022, 3:45:51 PM"
145.131.208.225,Web,"May 9, 2022, 3:32:02 PM"
143.176.254.9,Web,"May 10, 2022, 8:33:03 PM"
185.14.209.61,Web,"May 13, 2022, 8:42:22 PM"
145.131.208.225,Web,"May 16, 2022, 2:03:55 PM"
145.131.208.225,Web,"May 16, 2022, 3:04:12 PM"
145.131.208.225,Web,"May 17, 2022, 11:54:03 AM"
145.131.208.225,Web,"May 18, 2022, 6:24:24 AM"
145.131.208.225,Web,"May 18, 2022, 9:43:36 AM"
145.131.208.225,Web,"May 19, 2022, 8:06:42 AM"
145.131.208.225,Web,"May 20, 2022, 6:53:28 AM"
80.113.36.18,Web,"May 21, 2022, 10:16:05 AM"
145.131.208.225,Web,"May 23, 2022, 10:10:28 AM"
80.113.36.18,Web,"May 30, 2022, 6:54:23 AM"
80.113.36.18,Web,"May 30, 2022, 4:33:36 PM"
145.131.208.225,Web,"Jun 1, 2022, 11:48:21 AM"
145.131.208.225,Web,"Jun 1, 2022, 12:25:51 PM"
80.113.36.18,Web,"Jun 4, 2022, 10:49:06 AM"
80.113.36.18,Web,"Jun 4, 2022, 5:08:10 PM"
145.131.208.225,Web,"Jun 9, 2022, 3:24:42 PM"
80.113.36.18,Web,"Jun 11, 2022, 12:11:33 PM"
145.131.208.225,Web,"Jun 13, 2022, 11:43:25 AM"
193.84.19.158,Web,"Jun 19, 2022, 3:20:33 PM"
89.205.136.128,Web,"Jun 21, 2022, 1:30:53 PM"
80.113.36.18,Web,"Jun 26, 2022, 7:13:33 PM"
80.113.36.18,Web,"Jun 27, 2022, 4:10:48 PM"
80.113.36.18,Web,"Jun 27, 2022, 7:03:24 PM"
145.131.208.225,Web,"Jul 7, 2022, 1:35:29 PM"
80.113.36.18,Web,"Jul 9, 2022, 6:53:20 PM"
80.113.36.18,Web,"Jul 16, 2022, 7:51:55 PM"
143.176.254.9,Web,"Jul 23, 2022, 10:18:09 AM"
143.176.254.9,Web,"Jul 25, 2022, 8:20:05 PM"
145.131.208.225,Web,"Jul 27, 2022, 12:30:40 PM"
145.131.208.225,Web,"Jul 29, 2022, 2:06:54 PM"
143.176.254.9,Web,"Aug 3, 2022, 5:51:03 PM"
80.113.36.18,Web,"Aug 5, 2022, 9:23:15 PM"
145.131.208.225,Web,"Aug 10, 2022, 10:31:35 AM"
80.113.36.18,Web,"Aug 16, 2022, 11:47:38 AM"
80.113.36.18,Web,"Aug 16, 2022, 11:50:02 AM"
145.131.208.225,Web,"Aug 17, 2022, 3:06:44 PM"
80.113.36.18,Web,"Aug 20, 2022, 6:03:33 AM"
145.131.208.225,Web,"Aug 24, 2022, 6:27:39 AM"
145.131.208.225,Web,"Aug 26, 2022, 7:08:44 AM"
143.176.254.9,Web,"Aug 27, 2022, 1:52:03 PM"
145.131.208.225,Web,"Aug 29, 2022, 12:10:29 PM"
145.131.208.225,Web,"Aug 30, 2022, 3:22:08 PM"
143.176.254.9,Web,"Sep 7, 2022, 7:19:53 PM"
80.113.36.18,Web,"Sep 17, 2022, 10:37:03 AM"
145.131.208.225,Web,"Sep 20, 2022, 6:22:36 AM"
143.176.254.9,Web,"Sep 26, 2022, 7:09:10 PM"
145.131.208.225,Web,"Sep 28, 2022, 11:44:35 AM"
104.136.235.183,Web,"Oct 5, 2022, 11:42:38 PM"
80.113.36.18,Web,"Oct 16, 2022, 3:08:42 PM"
80.113.36.18,Web,"Oct 18, 2022, 2:51:47 PM"
80.113.36.18,Web,"Oct 19, 2022, 7:58:39 AM"
143.176.254.9,Web,"Oct 23, 2022, 9:35:41 AM"
145.131.208.225,Web,"Oct 25, 2022, 10:20:48 AM"
145.131.208.225,Web,"Oct 25, 2022, 11:28:40 AM"
143.176.254.9,Web,"Oct 26, 2022, 7:10:08 PM"
80.113.36.18,Web,"Oct 28, 2022, 7:46:41 PM"
145.131.208.225,Web,"Oct 31, 2022, 8:00:47 AM"
80.113.36.18,Web,"Nov 1, 2022, 10:18:30 AM"
80.113.36.18,Web,"Nov 1, 2022, 11:14:51 AM"
80.113.36.18,Web,"Nov 6, 2022, 11:15:02 AM"
80.113.36.18,Web,"Nov 7, 2022, 7:53:12 PM"
80.113.36.18,Web,"Nov 8, 2022, 7:54:22 AM"
80.113.36.18,Web,"Nov 12, 2022, 7:05:39 AM"
80.113.36.18,Web,"Nov 13, 2022, 11:00:52 AM"
80.113.36.18,Web,"Nov 13, 2022, 2:16:57 PM"
143.176.254.9,Web,"Nov 14, 2022, 8:31:37 PM"
145.131.208.225,Web,"Nov 17, 2022, 12:18:28 PM"
80.113.36.18,Web,"Nov 19, 2022, 9:50:15 AM"
80.113.36.18,Web,"Nov 20, 2022, 11:31:11 AM"
145.131.208.225,Web,"Nov 21, 2022, 10:18:27 AM"
145.131.208.225,Web,"Nov 21, 2022, 3:34:16 PM"
143.176.254.9,Web,"Nov 21, 2022, 10:09:38 PM"
145.131.208.225,Web,"Nov 23, 2022, 7:47:48 AM"
145.131.208.225,Web,"Nov 28, 2022, 2:45:21 PM"
143.176.254.9,Web,"Dec 1, 2022, 9:36:28 PM"
80.113.36.18,Web,"Dec 4, 2022, 4:18:39 PM"
145.131.208.225,Web,"Dec 6, 2022, 8:50:04 AM"
143.176.254.9,Web,"Dec 7, 2022, 8:28:07 PM"
145.131.208.225,Web,"Dec 13, 2022, 10:59:50 AM"
145.131.208.225,Web,"Dec 22, 2022, 12:30:06 PM"
143.176.254.9,Web,"Dec 30, 2022, 5:38:54 PM"
145.131.208.225,Web,"Jan 2, 2023, 12:28:21 PM"
145.131.208.225,Web,"Jan 2, 2023, 1:49:50 PM"
145.131.208.225,Web,"Jan 3, 2023, 8:50:19 AM"
145.131.208.225,Web,"Jan 9, 2023, 9:29:59 AM"
145.131.208.225,Web,"Jan 9, 2023, 4:41:00 PM"
80.113.36.18,Web,"Jan 15, 2023, 12:02:22 PM"
80.113.36.18,Web,"Jan 17, 2023, 8:49:19 AM"
145.131.208.225,Web,"Jan 17, 2023, 12:37:17 PM"
145.131.208.225,Web,"Jan 17, 2023, 2:43:28 PM"
80.113.36.18,Web,"Jan 17, 2023, 8:29:26 PM"
80.113.36.18,Web,"Jan 21, 2023, 3:47:11 PM"
80.113.36.18,Web,"Jan 23, 2023, 1:01:17 PM"
145.131.208.225,Web,"Jan 25, 2023, 2:54:13 PM"
80.113.36.18,Web,"Jan 29, 2023, 2:58:23 PM"
145.131.208.225,Web,"Jan 30, 2023, 12:39:08 PM"
80.113.36.18,Web,"Jan 31, 2023, 7:50:10 AM"
145.131.208.225,Web,"Jan 31, 2023, 4:03:37 PM"
145.131.208.225,Web,"Feb 1, 2023, 12:45:21 PM"
145.131.208.225,Web,"Feb 1, 2023, 3:04:08 PM"
80.113.36.18,Web,"Feb 1, 2023, 5:04:35 PM"
145.131.208.225,Web,"Feb 3, 2023, 7:14:45 AM"
145.131.208.225,Web,"Feb 6, 2023, 8:46:04 AM"
145.131.208.225,Web,"Feb 6, 2023, 4:15:59 PM"
143.176.254.9,Web,"Feb 7, 2023, 9:14:05 PM"
143.176.254.9,Web,"Feb 8, 2023, 8:16:34 PM"
145.131.208.225,Web,"Feb 10, 2023, 7:47:21 AM"
80.113.36.18,Web,"Feb 12, 2023, 5:10:12 PM"
145.131.208.225,Web,"Feb 13, 2023, 1:43:23 PM"
145.131.208.225,Web,"Feb 13, 2023, 4:27:01 PM"
80.113.36.18,Web,"Feb 14, 2023, 8:13:30 PM"
80.113.36.18,Web,"Feb 15, 2023, 6:15:58 AM"
145.131.208.225,Web,"Feb 15, 2023, 8:01:09 AM"
145.131.208.225,Web,"Feb 17, 2023, 7:42:05 AM"
80.113.36.18,Web,"Feb 18, 2023, 11:08:24 AM"
145.131.208.225,Web,"Feb 20, 2023, 12:41:54 PM"
145.131.208.225,Web,"Feb 20, 2023, 1:27:42 PM"
80.113.36.18,Web,"Feb 20, 2023, 7:31:40 PM"
143.176.254.9,Web,"Feb 25, 2023, 9:29:38 AM"
80.113.36.18,Web,"Feb 26, 2023, 11:32:36 AM"
80.113.36.18,Web,"Feb 27, 2023, 6:41:20 PM"
80.113.36.18,Web,"Feb 27, 2023, 7:46:26 PM"
80.113.36.18,Web,"Feb 28, 2023, 2:01:26 PM"
143.176.254.9,Web,"Mar 1, 2023, 9:08:35 PM"
80.113.36.18,Web,"Mar 4, 2023, 6:36:51 AM"
80.113.36.18,Web,"Mar 5, 2023, 11:21:23 AM"
145.131.208.225,Web,"Mar 7, 2023, 1:43:50 PM"
143.176.254.9,Web,"Mar 9, 2023, 5:17:52 AM"
145.131.208.225,Web,"Mar 10, 2023, 3:57:39 PM"
80.113.36.18,Web,"Mar 11, 2023, 11:25:19 AM"
80.113.36.18,Web,"Mar 13, 2023, 12:41:39 PM"
80.113.36.18,Web,"Mar 13, 2023, 8:50:23 PM"
80.113.36.18,Web,"Mar 14, 2023, 1:23:58 PM"
80.113.36.18,Web,"Mar 14, 2023, 8:59:05 PM"
80.113.36.18,Web,"Mar 18, 2023, 11:03:53 AM"
80.113.36.18,Web,"Mar 20, 2023, 7:49:51 PM"
80.113.36.18,Web,"Mar 21, 2023, 1:40:59 PM"
145.131.208.225,Web,"Mar 22, 2023, 3:38:00 PM"
143.176.254.9,Web,"Mar 24, 2023, 5:45:56 AM"
145.131.208.225,Web,"Mar 24, 2023, 3:48:53 PM"
80.113.36.18,Web,"Apr 2, 2023, 9:56:36 AM"
145.131.208.225,Web,"Apr 3, 2023, 12:21:08 PM"
80.113.36.18,Web,"Apr 8, 2023, 10:32:48 AM"
143.176.254.9,Web,"Apr 15, 2023, 4:47:01 PM"
80.113.36.18,Web,"Apr 22, 2023, 10:05:40 AM"
143.176.254.9,Web,"Apr 24, 2023, 4:46:59 PM"
143.176.254.9,Web,"Apr 26, 2023, 7:19:06 PM"
80.113.36.18,Web,"May 1, 2023, 4:02:09 PM"
80.113.36.18,Web,"May 1, 2023, 7:31:55 PM"
80.113.36.18,Web,"May 5, 2023, 7:11:36 PM"
80.113.36.18,Web,"May 6, 2023, 10:55:40 AM"
80.113.36.18,Web,"May 6, 2023, 4:29:36 PM"
80.113.36.18,Web,"May 8, 2023, 7:50:36 PM"
80.113.36.18,Web,"May 14, 2023, 10:15:12 AM"
80.113.36.18,Web,"May 15, 2023, 10:15:49 AM"
89.205.139.34,Web,"May 18, 2023, 4:08:58 PM"
143.176.254.9,Web,"May 21, 2023, 6:07:06 PM"
145.131.208.225,Web,"May 22, 2023, 3:23:16 PM"
80.113.36.18,Web,"May 29, 2023, 10:07:40 AM"
145.131.208.225,Web,"Jun 2, 2023, 11:28:26 AM"
143.176.254.9,Web,"Jun 3, 2023, 10:23:23 AM"
80.113.36.18,Web,"Jun 5, 2023, 8:10:27 PM"
80.113.36.18,Web,"Jun 9, 2023, 7:41:18 PM"
80.113.36.18,Web,"Jun 12, 2023, 7:51:05 PM"
80.113.36.18,Web,"Jun 19, 2023, 8:27:56 PM"
145.131.208.225,Web,"Jun 21, 2023, 3:02:57 PM"
80.113.36.18,Web,"Jun 24, 2023, 10:42:59 AM"
143.176.254.9,Web,"Jun 25, 2023, 5:07:19 PM"
143.176.254.9,Web,"Jun 26, 2023, 7:45:41 PM"
143.176.254.9,Web,"Jul 4, 2023, 7:54:48 PM"
143.176.254.9,Web,"Jul 5, 2023, 6:28:09 PM"
80.113.36.18,Web,"Jul 10, 2023, 8:05:18 PM"
143.176.254.9,Web,"Jul 15, 2023, 10:58:23 AM"
80.113.36.18,Web,"Jul 23, 2023, 7:50:30 PM"
80.113.36.18,Web,"Aug 1, 2023, 4:10:39 PM"
143.176.254.9,Web,"Aug 3, 2023, 5:06:13 AM"
80.113.36.18,Web,"Aug 4, 2023, 8:20:30 PM"
80.113.36.18,Web,"Aug 13, 2023, 10:44:52 AM"
145.131.208.225,Web,"Aug 18, 2023, 6:53:06 AM"
145.131.208.225,Web,"Aug 25, 2023, 6:35:48 AM"
145.131.208.225,Web,"Aug 28, 2023, 12:50:32 PM"
80.113.36.18,Web,"Sep 3, 2023, 10:56:33 AM"
80.113.36.18,Web,"Sep 10, 2023, 6:13:00 AM"
2001:871:247:5cb8:74cd:8525:f372:2475,Web,"Sep 14, 2023, 4:03:38 PM"
2003:cf:1f07:4300:d56f:85da:94e2:4f56,Web,"Sep 17, 2023, 7:20:03 AM"
80.113.36.18,Web,"Sep 19, 2023, 6:18:10 PM"
80.113.36.18,Web,"Sep 22, 2023, 8:23:32 PM"
80.113.36.18,Web,"Sep 23, 2023, 10:47:25 AM"
145.131.208.225,Web,"Sep 27, 2023, 6:36:31 AM"
217.166.241.243,Web,"Sep 30, 2023, 1:35:03 PM"
80.113.36.18,Web,"Oct 3, 2023, 8:41:28 AM"
80.113.36.18,Web,"Oct 6, 2023, 7:50:10 PM"
143.176.254.9,Web,"Oct 15, 2023, 11:42:50 AM"
80.113.36.18,Web,"Oct 15, 2023, 2:48:14 PM"
80.113.36.18,Web,"Oct 17, 2023, 12:26:00 PM"
80.113.36.18,Web,"Oct 18, 2023, 12:59:43 PM"
80.113.36.18,Web,"Oct 23, 2023, 6:17:10 PM"
80.113.36.18,Web,"Oct 24, 2023, 12:34:09 PM"
143.176.254.9,Web,"Oct 31, 2023, 9:39:17 PM"
80.113.36.18,Web,"Nov 4, 2023, 5:51:29 PM"
145.131.208.225,Web,"Nov 6, 2023, 3:35:37 PM"
145.131.208.225,Web,"Nov 10, 2023, 7:17:33 AM"
4.42.48.236,Web,"Nov 14, 2023, 9:30:11 PM"
198.134.98.50,Web,"Nov 17, 2023, 7:53:27 PM"
80.113.36.18,Web,"Nov 19, 2023, 7:16:15 PM"
80.113.36.18,Web,"Nov 20, 2023, 12:47:06 PM"
143.176.254.9,Web,"Nov 23, 2023, 9:47:24 PM"
145.131.208.225,Web,"Nov 24, 2023, 11:05:39 AM"
145.131.208.225,Web,"Nov 24, 2023, 3:06:32 PM"
80.113.36.18,Web,"Nov 26, 2023, 10:42:34 AM"
80.113.36.18,Web,"Nov 26, 2023, 4:28:47 PM"
80.113.36.18,Web,"Dec 2, 2023, 10:48:21 AM"
145.131.208.225,Web,"Dec 4, 2023, 4:21:31 PM"
145.131.208.225,Web,"Dec 12, 2023, 1:49:51 PM"
143.176.254.9,Web,"Dec 15, 2023, 5:52:55 AM"
143.176.254.9,Web,"Dec 16, 2023, 7:53:25 AM"
143.176.254.9,Web,"Dec 16, 2023, 11:00:34 AM"
145.131.208.225,Web,"Dec 18, 2023, 12:59:45 PM"
145.131.208.225,Web,"Dec 18, 2023, 2:35:33 PM"
80.113.36.18,Web,"Dec 18, 2023, 8:54:12 PM"
80.113.36.18,Web,"Dec 19, 2023, 8:39:09 AM"
80.113.36.18,Web,"Dec 23, 2023, 11:31:56 AM"
80.113.36.18,Web,"Dec 24, 2023, 4:00:49 PM"
143.176.254.9,Web,"Dec 26, 2023, 8:27:09 AM"
145.131.208.225,Web,"Dec 29, 2023, 8:05:27 AM"
80.113.36.18,Web,"Dec 29, 2023, 8:44:15 PM"
80.113.36.18,Web,"Dec 31, 2023, 10:46:00 AM"
143.176.254.9,Web,"Jan 4, 2024, 8:54:53 PM"
145.131.208.225,Web,"Jan 8, 2024, 10:06:37 AM"
143.176.254.9,Web,"Jan 10, 2024, 7:57:00 PM"
143.176.254.9,Web,"Jan 12, 2024, 8:37:23 PM"
80.113.36.18,Web,"Jan 13, 2024, 4:39:32 PM"
80.113.36.18,Web,"Jan 15, 2024, 7:45:33 AM"
145.131.208.225,Web,"Jan 15, 2024, 2:45:58 PM"
143.176.254.9,Web,"Jan 19, 2024, 5:51:13 AM"
80.113.36.18,Web,"Jan 19, 2024, 8:23:35 PM"
80.113.36.18,Web,"Jan 20, 2024, 11:42:05 AM"
80.113.36.18,Web,"Jan 21, 2024, 5:24:40 PM"
143.176.254.9,Web,"Jan 23, 2024, 8:37:37 PM"
143.176.254.9,Web,"Jan 24, 2024, 6:26:47 AM"
80.113.36.18,Web,"Jan 28, 2024, 11:15:09 AM"
143.176.254.9,Web,"Feb 5, 2024, 8:17:47 PM"
143.176.254.9,Web,"Feb 7, 2024, 8:43:08 PM"
145.131.208.225,Web,"Feb 9, 2024, 9:59:48 AM"
80.113.36.18,Web,"Feb 10, 2024, 11:26:36 AM"
80.113.36.18,Web,"Feb 10, 2024, 6:46:29 PM"
80.113.36.18,Web,"Feb 18, 2024, 11:36:42 AM"
145.131.208.225,Web,"Feb 19, 2024, 1:31:11 PM"
80.113.36.18,Web,"Feb 19, 2024, 8:16:42 PM"
80.113.36.18,Web,"Feb 20, 2024, 5:25:13 PM"
143.176.254.9,Web,"Feb 20, 2024, 8:09:17 PM"
143.176.254.9,Web,"Feb 22, 2024, 7:10:36 PM"
143.176.254.9,Web,"Feb 25, 2024, 4:38:26 PM"
145.131.208.225,Web,"Feb 26, 2024, 11:31:12 AM"
143.176.254.9,Web,"Feb 26, 2024, 9:00:58 PM"
143.176.254.9,Web,"Feb 28, 2024, 5:29:41 AM"
145.131.208.225,Web,"Feb 28, 2024, 9:05:17 AM"
80.113.36.18,Web,"Mar 2, 2024, 11:08:59 AM"
80.113.36.18,Web,"Mar 4, 2024, 2:18:47 PM"
143.176.254.9,Web,"Mar 6, 2024, 8:50:53 PM"
143.176.254.9,Web,"Mar 8, 2024, 5:59:22 AM"
145.131.208.225,Web,"Mar 8, 2024, 10:26:23 AM"
80.113.36.18,Web,"Mar 9, 2024, 10:18:36 AM"
80.113.36.18,Web,"Mar 9, 2024, 11:40:13 AM"
80.113.36.18,Web,"Mar 10, 2024, 11:15:47 AM"
80.113.36.18,Web,"Mar 11, 2024, 8:02:58 PM"
145.131.208.225,Web,"Mar 15, 2024, 10:51:12 AM"
80.113.36.18,Web,"Mar 16, 2024, 11:35:10 AM"
80.113.36.18,Web,"Mar 18, 2024, 12:36:18 PM"
80.113.36.18,Web,"Mar 18, 2024, 3:44:55 PM"
80.113.36.18,Web,"Mar 19, 2024, 1:02:47 PM"
80.113.36.18,Web,"Mar 22, 2024, 8:30:45 PM"
80.113.36.18,Web,"Mar 23, 2024, 11:19:55 AM"
145.131.208.225,Web,"Mar 25, 2024, 7:55:22 AM"
145.131.208.225,Web,"Mar 25, 2024, 9:59:08 AM"
84.243.213.251,Web,"Mar 30, 2024, 3:07:53 PM"
143.176.254.9,Web,"Apr 3, 2024, 7:14:43 PM"
80.113.36.18,Web,"Apr 8, 2024, 8:31:20 AM"
145.131.208.225,Web,"Apr 11, 2024, 7:01:23 AM"
143.176.254.9,Web,"Apr 11, 2024, 8:18:58 PM"
143.176.254.9,Web,"Apr 12, 2024, 5:29:19 PM"
145.131.208.225,Web,"Apr 17, 2024, 6:25:57 AM"
145.131.208.225,Web,"Apr 19, 2024, 6:52:37 AM"
145.131.208.225,Web,"Apr 19, 2024, 1:06:21 PM"
80.113.36.18,Web,"Apr 23, 2024, 7:05:21 AM"
80.113.36.18,Web,"Apr 23, 2024, 10:13:09 AM"
145.131.208.225,Web,"Apr 24, 2024, 10:48:53 AM"
143.176.254.9,Web,"Apr 24, 2024, 7:32:12 PM"
143.176.254.9,Web,"Apr 25, 2024, 7:48:30 PM"
143.176.254.9,Web,"Apr 27, 2024, 1:35:08 PM"
145.131.208.225,Web,"Apr 29, 2024, 6:52:38 AM"
145.131.208.225,Web,"Apr 29, 2024, 11:23:26 AM"
145.131.208.225,Web,"May 8, 2024, 9:41:02 AM"
145.131.208.225,Web,"May 8, 2024, 1:36:20 PM"
143.176.254.9,Web,"May 8, 2024, 7:52:08 PM"
80.113.36.18,Web,"May 10, 2024, 5:53:16 PM"
80.113.36.18,Web,"May 10, 2024, 7:42:34 PM"
80.113.36.18,Web,"May 12, 2024, 10:31:51 AM"
80.113.36.18,Web,"May 13, 2024, 9:14:42 AM"
80.113.36.18,Web,"May 14, 2024, 11:19:13 AM"
145.131.208.225,Web,"May 16, 2024, 7:38:51 AM"
145.131.208.225,Web,"May 16, 2024, 9:33:24 AM"
24.143.96.175,Web,"May 19, 2024, 12:56:09 AM"
24.143.96.175,Web,"May 19, 2024, 3:08:16 PM"
24.143.96.175,Web,"May 22, 2024, 4:43:56 AM"
24.143.96.175,Web,"May 24, 2024, 3:24:33 PM"
145.131.208.225,Web,"May 29, 2024, 8:40:59 AM"
145.131.208.225,Web,"May 29, 2024, 3:22:57 PM"
145.131.208.225,Web,"May 31, 2024, 6:24:47 AM"
143.176.254.9,Web,"Jun 2, 2024, 10:56:20 AM"
80.113.36.18,Web,"Jun 2, 2024, 7:10:45 PM"
143.176.254.9,Web,"Jun 10, 2024, 7:51:45 PM"
145.131.208.225,Web,"Jun 13, 2024, 2:40:48 PM"
143.176.254.9,Web,"Jun 15, 2024, 4:48:17 PM"
80.113.36.18,Web,"Jun 16, 2024, 4:58:08 PM"
80.113.36.18,Web,"Jun 17, 2024, 3:13:19 PM"
143.176.254.9,Web,"Jun 17, 2024, 7:28:01 PM"
145.131.208.225,Web,"Jun 21, 2024, 6:19:17 AM"
143.176.254.9,Web,"Jun 21, 2024, 4:54:01 PM"
80.113.36.18,Web,"Jun 22, 2024, 6:10:38 PM"
80.113.36.18,Web,"Jun 24, 2024, 8:34:10 AM"
145.131.208.225,Web,"Jun 28, 2024, 2:20:58 PM"
80.113.36.18,Web,"Jun 29, 2024, 6:02:35 PM"
80.113.36.18,Web,"Jun 30, 2024, 9:51:03 AM"
145.131.208.225,Web,"Jul 3, 2024, 7:50:48 AM"
80.113.36.18,Web,"Jul 7, 2024, 10:41:37 AM"
80.113.36.18,Web,"Jul 7, 2024, 6:12:24 PM"
80.113.36.18,Web,"Jul 8, 2024, 4:35:04 PM"
80.113.36.18,Web,"Jul 9, 2024, 7:47:44 PM"
145.131.208.225,Web,"Jul 12, 2024, 6:43:53 AM"
145.131.208.225,Web,"Jul 12, 2024, 8:53:34 AM"
80.113.36.18,Web,"Jul 14, 2024, 10:42:25 AM"
80.113.36.18,Web,"Jul 14, 2024, 7:32:44 PM"
80.113.36.18,Web,"Jul 19, 2024, 8:07:37 PM"
80.113.36.18,Web,"Jul 20, 2024, 10:30:34 AM"
80.113.36.18,Web,"Jul 21, 2024, 10:39:39 AM"
145.131.208.225,Web,"Jul 23, 2024, 2:40:35 PM"
145.131.208.225,Web,"Jul 23, 2024, 3:14:41 PM"
80.113.36.18,Web,"Jul 23, 2024, 6:20:28 PM"
80.113.36.18,Web,"Jul 24, 2024, 6:08:07 AM"
145.131.208.225,Web,"Jul 24, 2024, 2:47:16 PM"
80.113.36.18,Web,"Jul 24, 2024, 4:30:30 PM"
80.113.36.18,Web,"Jul 27, 2024, 7:59:21 PM"
143.176.254.9,Web,"Aug 1, 2024, 7:01:40 AM"
80.113.36.18,Web,"Aug 3, 2024, 10:38:07 AM"
145.131.208.225,Web,"Aug 5, 2024, 7:15:51 AM"
145.131.208.225,Web,"Aug 7, 2024, 9:44:31 AM"
145.131.208.225,Web,"Aug 7, 2024, 12:35:30 PM"
145.131.208.225,Web,"Aug 8, 2024, 11:18:47 AM"
145.131.208.225,Web,"Aug 14, 2024, 7:55:32 AM"
145.131.208.225,Web,"Aug 15, 2024, 3:21:07 PM"
80.113.36.18,Web,"Aug 18, 2024, 7:21:40 PM"
80.113.36.18,Web,"Aug 19, 2024, 8:43:50 AM"
145.131.208.225,Web,"Aug 22, 2024, 2:27:55 PM"
145.131.208.225,Web,"Aug 23, 2024, 6:24:06 AM"
80.113.36.18,Web,"Aug 24, 2024, 10:37:00 AM"
145.131.208.225,Web,"Aug 30, 2024, 9:45:52 AM"
46.126.130.248,Web,"Sep 1, 2024, 4:24:38 PM"
46.126.130.248,Web,"Sep 2, 2024, 8:03:52 PM"
46.126.130.248,Web,"Sep 3, 2024, 3:26:14 PM"
145.131.208.225,Web,"Sep 5, 2024, 11:54:56 AM"
143.176.254.9,Web,"Sep 5, 2024, 9:09:20 PM"
145.131.208.225,Web,"Sep 6, 2024, 6:44:47 AM"
80.113.36.18,Web,"Sep 9, 2024, 7:51:51 AM"
80.113.36.18,Web,"Sep 10, 2024, 11:32:59 AM"
149.74.207.173,Web,"Sep 13, 2024, 8:46:01 AM"
145.131.208.225,Web,"Sep 20, 2024, 6:41:06 AM"
80.113.36.18,Web,"Sep 22, 2024, 10:34:06 AM"
145.131.208.225,Web,"Sep 24, 2024, 11:57:00 AM"
80.113.36.18,Web,"Sep 28, 2024, 10:46:51 AM"
145.131.208.225,Web,"Sep 30, 2024, 9:31:01 AM"
143.176.254.9,Web,"Oct 2, 2024, 6:40:16 PM"
80.113.36.18,Web,"Oct 6, 2024, 4:18:26 PM"
80.113.36.18,Web,"Oct 7, 2024, 11:45:20 AM"
80.113.36.18,Web,"Oct 7, 2024, 4:47:57 PM"
143.176.254.9,Web,"Oct 12, 2024, 12:14:11 PM"
80.113.36.18,Web,"Oct 14, 2024, 11:50:21 AM"
145.131.208.225,Web,"Oct 15, 2024, 11:35:13 AM"
145.131.208.225,Web,"Oct 16, 2024, 2:36:44 PM"
145.131.208.225,Web,"Oct 17, 2024, 8:20:00 AM"
145.131.208.225,Web,"Oct 18, 2024, 11:29:42 AM"
80.113.36.18,Web,"Oct 18, 2024, 8:28:52 PM"
80.113.36.18,Web,"Oct 19, 2024, 10:54:53 AM"
145.131.208.225,Web,"Oct 22, 2024, 11:33:49 AM"
145.131.208.225,Web,"Oct 23, 2024, 6:24:28 AM"
145.131.208.225,Web,"Oct 23, 2024, 11:53:16 AM"
145.131.208.225,Web,"Oct 25, 2024, 6:38:04 AM"
80.113.36.18,Web,"Oct 28, 2024, 12:50:41 PM"
80.113.36.18,Web,"Oct 29, 2024, 7:21:13 AM"
145.131.208.225,Web,"Oct 30, 2024, 3:13:57 PM"
143.176.254.9,Web,"Nov 1, 2024, 5:51:44 AM"
145.131.208.225,Web,"Nov 4, 2024, 12:57:23 PM"
145.131.208.225,Web,"Nov 5, 2024, 12:43:10 PM"
80.113.36.18,Web,"Nov 5, 2024, 8:53:18 PM"
143.176.254.9,Web,"Nov 8, 2024, 8:23:26 PM"
143.176.254.9,Web,"Nov 8, 2024, 9:39:15 PM"
143.176.254.9,Web,"Nov 10, 2024, 1:23:57 PM"
80.113.36.18,Web,"Nov 11, 2024, 5:41:06 PM"
80.113.36.18,Web,"Nov 12, 2024, 6:12:37 AM"
145.131.208.225,Web,"Nov 12, 2024, 1:45:50 PM"
143.176.254.9,Web,"Nov 14, 2024, 9:07:50 PM"
80.113.36.18,Web,"Nov 17, 2024, 11:32:31 AM"
145.131.208.225,Web,"Nov 18, 2024, 12:27:54 PM"
143.176.254.9,Web,"Nov 25, 2024, 9:28:18 PM"
145.131.208.225,Web,"Nov 28, 2024, 7:24:14 AM"
80.113.36.18,Web,"Nov 30, 2024, 11:45:45 AM"
80.113.36.18,Web,"Dec 15, 2024, 11:19:53 AM"
145.131.208.225,Web,"Dec 31, 2024, 9:59:54 AM"
80.113.36.18,Web,"Jan 4, 2025, 5:01:39 PM"
80.113.36.18,Web,"Jan 11, 2025, 10:16:32 AM"
143.176.254.9,Web,"Jan 23, 2025, 9:27:34 PM"
80.113.36.18,Web,"Feb 8, 2025, 7:58:36 PM"
145.131.208.225,Web,"Feb 10, 2025, 11:00:23 AM"
80.113.36.18,Web,"Feb 15, 2025, 9:59:52 AM"
143.176.254.9,Web,"Mar 14, 2025, 5:50:30 AM"
80.113.36.18,Web,"Mar 17, 2025, 1:08:18 PM"
80.113.36.18,Web,"Mar 26, 2025, 5:21:27 PM"
80.113.36.18,Web,"Apr 5, 2025, 11:14:33 AM"
188.91.175.138,Web,"Apr 16, 2025, 7:24:31 PM"
145.131.208.225,Web,"Apr 17, 2025, 11:37:30 AM"
178.230.132.217,Web,"May 16, 2025, 3:31:33 PM"
145.131.208.225,Web,"May 22, 2025, 1:15:38 PM"
80.113.36.18,Web,"May 25, 2025, 8:41:04 PM"
188.91.165.73,Web,"Jun 9, 2025, 9:48:34 AM"
188.91.164.236,Web,"Jun 17, 2025, 6:46:06 PM"
145.131.208.225,Web,"Jul 2, 2025, 9:23:27 AM"
80.113.36.18,Web,"Jul 20, 2025, 10:25:02 AM"
80.113.36.18,Web,"Jul 28, 2025, 6:55:51 PM"
80.113.36.18,Web,"Aug 13, 2025, 9:01:44 AM"
178.230.52.237,Mobile,"Aug 22, 2025, 8:33:16 AM"
80.113.36.18,Web,"Aug 23, 2025, 10:37:27 AM"
87.252.36.164,Web,"Sep 4, 2025, 5:46:31 PM"
188.91.170.168,Web,"Sep 11, 2025, 8:13:59 PM"
145.131.208.225,Web,"Sep 12, 2025, 2:35:05 PM"
80.113.36.18,Web,"Sep 15, 2025, 6:58:56 PM"
80.113.36.18,Web,"Sep 21, 2025, 9:24:07 AM"
80.113.36.18,Web,"Sep 27, 2025, 1:30:08 PM"
80.113.36.18,Web,"Oct 27, 2025, 7:07:08 AM"
89.100.152.4,Web,"Nov 1, 2025, 6:52:53 PM"
188.91.184.198,Web,"Nov 11, 2025, 7:10:44 PM"
188.91.184.198,Web,"Dec 5, 2025, 5:49:28 AM"
80.113.36.18,Web,"Dec 13, 2025, 12:25:12 PM"
80.113.36.18,Web,"Dec 15, 2025, 1:22:13 PM"
80.113.36.18,Web,"Dec 28, 2025, 6:32:55 PM"
80.113.36.18,Web,"Jan 4, 2026, 11:26:42 AM"
80.113.36.18,Web,"Jan 6, 2026, 5:45:35 AM"
145.131.208.225,Web,"Jan 19, 2026, 1:32:22 PM"
80.113.36.18,Web,"Jan 31, 2026, 3:32:33 PM"
80.113.36.18,Web,"Feb 7, 2026, 11:26:26 AM"
80.113.36.18,Web,"Mar 8, 2026, 9:05:17 AM"
188.91.184.198,Web,"Mar 10, 2026, 7:55:40 PM"
145.131.208.225,Web,"Mar 20, 2026, 3:14:06 PM"
